title,link
A brief review of atomic layer deposition: from fundamentals to applications,https://www.sciencedirect.com/science/article/pii/S1369702114001436
Atomic layer deposition: an overview,https://pubs.acs.org/doi/full/10.1021/cr900056b
Atomic layer deposition chemistry: recent developments and future challenges,https://onlinelibrary.wiley.com/doi/abs/10.1002/anie.200301652
Atomic layer deposition,https://www.sciencedirect.com/science/article/pii/B9780125129084500059
Atomic layer deposition,https://www.sciencedirect.com/science/article/pii/B9780444633040000275
"New development of atomic layer deposition: processes, methods and applications",https://www.tandfonline.com/doi/abs/10.1080/14686996.2019.1599694
Atomic layer deposition of transition metals,https://www.nature.com/articles/nmat1000
The use of atomic layer deposition in advanced nanopatterning,https://pubs.rsc.org/en/content/articlehtml/2014/nr/c4nr01954g
Conformality in atomic layer deposition: Current status overview of analysis and modelling,https://pubs.aip.org/aip/apr/article/6/2/021302/570185
Atomic layer deposition (ALD): from precursors to thin film structures,https://www.sciencedirect.com/science/article/pii/S0040609002001177
Surface chemistry of atomic layer deposition: A case study for the trimethylaluminum/water process,https://pubs.aip.org/aip/jap/article/97/12/121301/893976
Atomic layer etching: What can we learn from atomic layer deposition?,https://iopscience.iop.org/article/10.1149/2.0051506jss/meta
Advances in atomic layer deposition,https://link.springer.com/article/10.1007/s41871-022-00136-8
Catalyst design with atomic layer deposition,https://pubs.acs.org/doi/abs/10.1021/cs501862h
Atomic layer deposition on 2D materials,https://pubs.acs.org/doi/abs/10.1021/acs.chemmater.6b05103
Particle atomic layer deposition,https://link.springer.com/article/10.1007/s11051-018-4442-9
Atomic layer deposition of nanostructured materials,https://books.google.com/books?hl=en&lr=&id=r7G4BwAAQBAJ&oi=fnd&pg=PR5&dq=atomic+layer+deposition&ots=w80HqJ6T61&sig=_-cB9wFsfOFTQSScl9h3vhl9MkA
Understanding chemical and physical mechanisms in atomic layer deposition,https://pubs.aip.org/aip/jcp/article/152/4/040902/76427
Atomic layer deposition,https://www.academia.edu/download/101728903/F3-BP-2021-Vesela-Karolina-atomic_layer_deposition.pdf
A short history of atomic layer deposition: Tuomo Suntola's atomic layer epitaxy,https://onlinelibrary.wiley.com/doi/abs/10.1002/cvde.201402012
Low-Temperature Al2O3 Atomic Layer Deposition,https://pubs.acs.org/doi/abs/10.1021/cm0304546
Spatial atomic layer deposition: A route towards further industrialization of atomic layer deposition,https://pubs.aip.org/avs/jva/article/30/1/010802/100584
Industrial applications of atomic layer deposition,https://iopscience.iop.org/article/10.1149/1.3207651/meta
"Plasma-assisted atomic layer deposition: basics, opportunities, and challenges",https://pubs.aip.org/avs/jva/article/29/5/050801/244582
Growth per cycle in atomic layer deposition: a theoretical model,https://onlinelibrary.wiley.com/doi/abs/10.1002/cvde.200306265
Progress and future directions for atomic layer deposition and ALD-based chemistry,https://www.cambridge.org/core/journals/mrs-bulletin/article/progress-and-future-directions-for-atomic-layer-deposition-and-aldbased-chemistry/677C7EA34D0327433C620579CD43BC3D
Thin film atomic layer deposition equipment for semiconductor processing,https://www.sciencedirect.com/science/article/pii/S0040609001016789
"Chemical methods of thin film deposition: Chemical vapor deposition, atomic layer deposition, and related technologies",https://pubs.aip.org/avs/jva/article-abstract/21/5/S88/244620
Synthesis and surface engineering of complex nanostructures by atomic layer deposition,https://advanced.onlinelibrary.wiley.com/doi/abs/10.1002/adma.200700079
Design and properties of confined nanocatalysts by atomic layer deposition,https://pubs.acs.org/doi/abs/10.1021/acs.accounts.7b00266
Atomic layer deposition of nanostructured materials for energy and environmental applications,https://advanced.onlinelibrary.wiley.com/doi/abs/10.1002/adma.201104129
Nanoengineering and interfacial engineering of photovoltaics by atomic layer deposition,https://pubs.rsc.org/en/content/articlehtml/2011/nr/c1nr10349k
Atomic layer deposition,https://www.sciencedirect.com/science/article/pii/B9780815520313000089
Atomic layer deposition,https://filelist.tudelft.nl/TNW/Afdelingen/ChemE/PPE/Publications/Kirk-Othmer_ALD_chapter.pdf
Atomic layer deposition and other thin film deposition techniques: from principles to film properties,https://www.sciencedirect.com/science/article/pii/S2238785422016039
Film uniformity in atomic layer deposition,https://onlinelibrary.wiley.com/doi/abs/10.1002/cvde.200500024
Recent advances in atomic layer deposition,https://pubs.acs.org/doi/full/10.1021/acs.chemmater.6b00673
"Atomic layer deposition: principles, characteristics, and nanotechnology applications",https://books.google.com/books?hl=en&lr=&id=gTrGuGJ8cgwC&oi=fnd&pg=PR9&dq=atomic+layer+deposition&ots=XGPKLiproi&sig=r2jVQm0OK3PUmziHYl1B-YM1OAI
Erratum to: Atomic layer deposition for semiconductors,https://link.springer.com/content/pdf/10.1007/978-1-4614-8054-9.pdf#page=259
"Review of atomic layer deposition process, application and modeling tools",https://www.sciencedirect.com/science/article/pii/S2214785322006678
Atomic layer deposition of ZnO: a review,https://iopscience.iop.org/article/10.1088/0268-1242/29/4/043001/meta
Atomic layer deposition beyond thin film deposition technology,https://onlinelibrary.wiley.com/doi/abs/10.1002/admt.202200876
Recent progress of atomic layer deposition on polymeric materials,https://www.sciencedirect.com/science/article/pii/S0928493116300935
Atomic layer deposition of metal sulfide materials,https://pubs.acs.org/doi/abs/10.1021/ar500360d
Tailoring nanoporous materials by atomic layer deposition,https://pubs.rsc.org/en/content/articlehtml/2011/cs/c1cs15091j
Atomic layer deposition of tin monosulfide thin films,https://advanced.onlinelibrary.wiley.com/doi/abs/10.1002/aenm.201100330
Atomic layer deposition of oxide thin films with metal alkoxides as oxygen sources,https://www.science.org/doi/abs/10.1126/science.288.5464.319
History of atomic layer deposition and its relationship with the American Vacuum Society,https://pubs.aip.org/avs/jva/article/31/5/050818/244856
"Atomic layer deposition for membranes: basics, challenges, and opportunities",https://pubs.acs.org/doi/abs/10.1021/acs.chemmater.8b02687
Atomic layer deposition for photovoltaics: applications and prospects for solar cell manufacturing,https://iopscience.iop.org/article/10.1088/0268-1242/27/7/074002/meta
Atomic layer deposition: medical and biological applications,https://www.tandfonline.com/doi/abs/10.1179/1743280412Y.0000000009
Atomic layer deposition of a MoS 2 film,https://pubs.rsc.org/en/content/articlehtml/2014/nr/c4nr02451f
Mechanisms and reactions during atomic layer deposition on polymers,https://www.sciencedirect.com/science/article/pii/S0010854513001410
Atomic layer deposition of noble metals and their oxides,https://pubs.acs.org/doi/abs/10.1021/cm402221y
Single-atom catalysts by the atomic layer deposition technique,https://academic.oup.com/nsr/article-abstract/5/5/628/5001433
Review on atomic layer deposition and applications of oxide thin films,https://www.tandfonline.com/doi/abs/10.1080/10408436.2012.736886
Atomic layer deposition of platinum thin films,https://pubs.acs.org/doi/abs/10.1021/cm021333t
Island growth as a growth mode in atomic layer deposition: A phenomenological model,https://pubs.aip.org/aip/jap/article/96/12/7686/911089
Synthesis and stabilization of supported metal catalysts by atomic layer deposition,https://pubs.acs.org/doi/abs/10.1021/ar300229c
Growth per cycle in atomic layer deposition: real application examplesof a theoretical model,https://onlinelibrary.wiley.com/doi/abs/10.1002/cvde.200306266
The surface chemistry of atomic layer depositions of solid thin films,https://pubs.acs.org/doi/abs/10.1021/jz300125f
Atomic layer deposition of gold metal,https://pubs.acs.org/doi/full/10.1021/acs.chemmater.5b04562
Emerging applications of atomic layer deposition for lithium‐ion battery studies,https://onlinelibrary.wiley.com/doi/abs/10.1002/adma.201200397
Applications of atomic layer deposition to nanofabrication and emerging nanodevices,https://www.sciencedirect.com/science/article/pii/S0040609008010316
Crystallinity of inorganic films grown by atomic layer deposition: Overview and general trends,https://pubs.aip.org/aip/jap/article/113/2/021301/924855
Monolayer thickness in atomic layer deposition,https://www.sciencedirect.com/science/article/pii/0040609095081593
Status and prospects of plasma-assisted atomic layer deposition,https://pubs.aip.org/avs/jva/article/37/3/030902/910195
"Atomic layer deposition for perovskite solar cells: research status, opportunities and challenges",https://pubs.rsc.org/en/content/articlehtml/2017/se/c6se00076b
Atomic layer deposition of stable 2D materials,https://iopscience.iop.org/article/10.1088/2053-1583/aad94f/meta
Atomic layer deposition of copper seed layers,https://iopscience.iop.org/article/10.1149/1.1391185/meta
From the bottom-up: toward area-selective atomic layer deposition with high selectivity,https://pubs.acs.org/doi/abs/10.1021/acs.chemmater.8b03454
Atomic layer deposition of thin films: from a chemistry perspective,https://iopscience.iop.org/article/10.1088/2631-7990/acd88e/meta
Atomic layer deposition for graphene device integration,https://advanced.onlinelibrary.wiley.com/doi/abs/10.1002/admi.201700232
Opportunities for atomic layer deposition in emerging energy technologies,https://pubs.acs.org/doi/abs/10.1021/acsenergylett.9b00249
Atomic layer deposition of noble metals: Exploration of the low limit of the deposition temperature,https://www.cambridge.org/core/journals/journal-of-materials-research/article/atomic-layer-deposition-of-noble-metals-exploration-of-the-low-limit-of-the-deposition-temperature/D4D4FE2C56C2A0D157E687F306A35462
Oxide electronics by spatial atomic layer deposition,https://opg.optica.org/abstract.cfm?uri=jdt-5-12-484
Atomic layer deposition of the solid electrolyte LiPON,https://pubs.acs.org/doi/abs/10.1021/acs.chemmater.5b01654
Spatial atmospheric atomic layer deposition: a new laboratory and industrial tool for low-cost photovoltaics,https://pubs.rsc.org/en/content/articlehtml/2014/mh/c3mh00136a
On atomic layer deposition: Current progress and future challenges,https://iopscience.iop.org/article/10.1149/2.0201903jss/meta
Applications of atomic layer deposition in solar cells,https://iopscience.iop.org/article/10.1088/0957-4484/26/6/064001/meta
"Atomic Layer Deposition of FeSe2, CoSe2, and NiSe2",https://pubs.acs.org/doi/abs/10.1021/acs.chemmater.0c04708
Chemistry for positive pattern transfer using area‐selective atomic layer deposition,https://advanced.onlinelibrary.wiley.com/doi/abs/10.1002/adma.200502470
Alucone Alloys with Tunable Properties Using Alucone Molecular Layer Deposition and Al2O3 Atomic Layer Deposition,https://pubs.acs.org/doi/abs/10.1021/jp209003h
Consistency and reproducibility in atomic layer deposition,https://pubs.aip.org/avs/jva/article/38/2/020804/247669
Vapor-phase metalation by atomic layer deposition in a metal–organic framework,https://pubs.acs.org/doi/abs/10.1021/ja4050828
Morphology and structure of TiO2 thin films grown by atomic layer deposition,https://www.sciencedirect.com/science/article/pii/0022024894008744
Atomic layer deposition of metal and nitride thin films: Current research efforts and applications for semiconductor device processing,https://pubs.aip.org/avs/jvb/article-abstract/21/6/2231/468332
Novel materials by atomic layer deposition and molecular layer deposition,https://www.cambridge.org/core/journals/mrs-bulletin/article/novel-materials-by-atomic-layer-deposition-and-molecular-layer-deposition/9D411531FD850DDDC98A795DF72C4269
Single-atom catalysts designed and prepared by the atomic layer deposition technique,https://pubs.acs.org/doi/abs/10.1021/acscatal.1c01200
"Atomic layer deposition of two-dimensional layered materials: processes, growth mechanisms, and characteristics",https://www.cell.com/matter/fulltext/S2590-2385(19)30417-5
Atomic Layer Deposition of PbI2 Thin Films,https://pubs.acs.org/doi/abs/10.1021/acs.chemmater.8b04969
Growth of ZnO/Al2O3 Alloy Films Using Atomic Layer Deposition Techniques,https://pubs.acs.org/doi/abs/10.1021/cm020607+
Ruthenium thin films grown by atomic layer deposition,https://onlinelibrary.wiley.com/doi/abs/10.1002/cvde.200290007
Applications of atomic layer deposition and chemical vapor deposition for perovskite solar cells,https://pubs.rsc.org/en/content/articlehtml/2021/xx/d0ee00385a
Influence of structure development on atomic layer deposition of TiO2 thin films,https://www.sciencedirect.com/science/article/pii/S0169433201004305
Speeding up the unique assets of atomic layer deposition,https://www.sciencedirect.com/science/article/pii/S2468519418301630
Low temperature atomic layer deposition of tin oxide,https://pubs.acs.org/doi/abs/10.1021/cm1011108
Atomic Layer Deposition of CuxS for Solar Energy Conversion,https://onlinelibrary.wiley.com/doi/abs/10.1002/cvde.200290001
From VB Aleskovskii's “Framework” hypothesis to the method of molecular layering/atomic layer deposition,https://onlinelibrary.wiley.com/doi/abs/10.1002/cvde.201502013
Precursor design and reaction mechanisms for the atomic layer deposition of metal films,https://www.sciencedirect.com/science/article/pii/S0010854513000854
In situ spectroscopic ellipsometry as a versatile tool for studying atomic layer deposition,https://iopscience.iop.org/article/10.1088/0022-3727/42/7/073001/meta
Atomic layer deposition for biosensing applications,https://www.sciencedirect.com/science/article/pii/S0956566318307334
Atomic layer deposition of metal oxides on pristine and functionalized graphene,https://pubs.acs.org/doi/abs/10.1021/ja8023059
Random deposition as a growth mode in atomic layer deposition,https://onlinelibrary.wiley.com/doi/abs/10.1002/cvde.200306283
Selective metal deposition at graphene line defects by atomic layer deposition,https://www.nature.com/articles/ncomms5781
Atomic layer deposition of optoelectronic materials,https://pubs.aip.org/avs/jvb/article/37/3/030801/592942
Quantum chemical study of the mechanism of aluminum oxide atomic layer deposition,https://pubs.aip.org/aip/apl/article-abstract/80/18/3304/514763
Titanium dioxide thin films by atomic layer deposition: A review,https://iopscience.iop.org/article/10.1088/1361-6641/aa78ce/meta
Emerging atomic layer deposition for the development of high-performance lithium-ion batteries,https://link.springer.com/article/10.1007/s41918-023-00192-8
Chemical vapor deposition and atomic layer deposition for advanced lithium ion batteries and supercapacitors,https://pubs.rsc.org/en/content/articlehtml/2015/ee/c5ee01254f
Modeling the conformality of atomic layer deposition: the effect of sticking probability,https://iopscience.iop.org/article/10.1149/1.3072694/meta
Theoretical design strategies for area-selective atomic layer deposition,https://pubs.acs.org/doi/abs/10.1021/acs.chemmater.3c03326
Single-atom catalysis using Pt/graphene achieved through atomic layer deposition,https://www.nature.com/articles/srep01775
Low temperature atomic layer deposition of ZnO: Applications in photocatalysis,https://www.sciencedirect.com/science/article/pii/S0926337316303538
"A practical, self‐catalytic, atomic layer deposition of silicon dioxide",https://onlinelibrary.wiley.com/doi/abs/10.1002/anie.200800245
In Situ Studies on Reaction Mechanisms in Atomic Layer Deposition,https://www.tandfonline.com/doi/abs/10.1080/10408436.2012.693460
Simulating the atomic layer deposition of alumina from first principles,https://pubs.rsc.org/en/content/articlehtml/2004/jm/b405776g
Effect of water dose on the atomic layer deposition rate of oxide thin films,https://www.sciencedirect.com/science/article/pii/S0040609000008907
Perfectly Conformal TiN and Al2O3 Films Deposited by Atomic Layer Deposition,https://onlinelibrary.wiley.com/doi/abs/10.1002/(SICI)1521-3862(199901)5:1%3C7::AID-CVDE7%3E3.0.CO;2-J
Recommended reading list of early publications on atomic layer deposition—Outcome of the “Virtual Project on the History of ALD”,https://pubs.aip.org/avs/jva/article/35/1/010801/246286
Atomic-layer-deposited nanostructures for graphene-based nanoelectronics,https://pubs.aip.org/aip/apl/article/92/1/013101/913518
Atomic layer deposition: A versatile technique for plasmonics and nanobiotechnology,https://www.cambridge.org/core/journals/journal-of-materials-research/article/atomic-layer-deposition-a-versatile-technique-for-plasmonics-and-nanobiotechnology/C02AAF2F9B206AFAF7DD809C81C32B38
Atomic layer deposition for nanofabrication and interface engineering,https://pubs.rsc.org/en/content/articlehtml/2012/nr/c2nr11875k
Characteristics and applications of plasma enhanced-atomic layer deposition,https://www.sciencedirect.com/science/article/pii/S0040609011004998
Perovskite thin films via atomic layer deposition,https://utoronto.scholaris.ca/items/fbe5a575-3dad-443d-afbb-b439f227c13b
Assessing the environmental impact of atomic layer deposition (ALD) processes and pathways to lower it,https://pubs.acs.org/doi/abs/10.1021/acsmaterialsau.3c00002
An atomic layer deposition process for moving flexible substrates,https://www.sciencedirect.com/science/article/pii/S1385894711004268
Annealing of Al2O3 thin films prepared by atomic layer deposition,https://iopscience.iop.org/article/10.1088/0022-3727/40/12/025/meta
Organometallic precursors for atomic layer deposition,https://link.springer.com/chapter/10.1007/b136145
Extremely low temperature growth of ZnO by atomic layer deposition,https://pubs.aip.org/aip/jap/article/103/3/033515/902340
Atomic layer deposition for membrane interface engineering,https://pubs.rsc.org/en/content/articlehtml/2018/nr/c8nr08114j
Atomic layer deposition of titanium nitride from TDMAT precursor,https://www.sciencedirect.com/science/article/pii/S0167931708004292
Atomic layer deposition in energy conversion applications,https://books.google.com/books?hl=en&lr=&id=v6RcDgAAQBAJ&oi=fnd&pg=PR11&dq=atomic+layer+deposition&ots=o_SnZu5CqH&sig=gUDoOQArvMYYPmWlZhJTblQq1TM
Atomic Layer Deposition of Li2O–Al2O3 Thin Films,https://pubs.acs.org/doi/abs/10.1021/cm200899k
Integrated Isothermal Atomic Layer Deposition/Atomic Layer Etching Supercycles for Area-Selective Deposition of TiO2,https://pubs.acs.org/doi/abs/10.1021/acs.chemmater.9b01143
Anomalous effect of temperature on atomic layer deposition of titanium dioxide,https://www.sciencedirect.com/science/article/pii/S0022024800008976
Atomic Layer Deposition of Al2O3 Films on Polyethylene Particles,https://pubs.acs.org/doi/abs/10.1021/cm040008y
GaAs interfacial self-cleaning by atomic layer deposition,https://pubs.aip.org/aip/apl/article/92/7/071901/118185
Atomic layer deposition of titanium dioxide from TiCl4 and H2O: investigation of growth mechanism,https://www.sciencedirect.com/science/article/pii/S0169433200008424
Nanoengineering heterogeneous catalysts by atomic layer deposition,https://www.annualreviews.org/content/journals/10.1146/annurev-chembioeng-060816-101547
Nucleation and Growth during Al2O3 Atomic Layer Deposition on Polymers,https://pubs.acs.org/doi/abs/10.1021/cm050704d
Recent advances in theoretical development of thermal atomic layer deposition: a review,https://www.mdpi.com/2079-4991/12/5/831
"Atomic layer deposition of silicon nitride thin films: a review of recent progress, challenges, and outlooks",https://www.mdpi.com/1996-1944/9/12/1007
On the kinetics of spatial atomic layer deposition,https://pubs.aip.org/avs/jva/article/31/1/01A108/246237
Preferential growth of ZnO thin films by the atomic layer deposition technique,https://iopscience.iop.org/article/10.1088/0957-4484/19/43/435609/meta
Effect of crystal structure on optical properties of TiO2 films grown by atomic layer deposition,https://www.sciencedirect.com/science/article/pii/S0040609097001351
Atomic layer deposition of conductive and semiconductive oxides,https://pubs.aip.org/aip/apr/article/9/4/041313/2835460
"Synthesis of doped, ternary, and quaternary materials by atomic layer deposition: a review",https://pubs.acs.org/doi/abs/10.1021/acs.chemmater.8b02878
Atomic layer deposition for electrochemical energy: from design to industrialization,https://link.springer.com/article/10.1007/s41918-022-00146-6
Atomic layer-by-layer deposition of Pt on Pd nanocubes for catalysts with enhanced activity and durability toward oxygen reduction,https://pubs.acs.org/doi/abs/10.1021/nl501205j
Protecting polymers in space with atomic layer deposition coatings,https://pubs.acs.org/doi/abs/10.1021/am100217m
"Structural, electrical, and optical properties of atomic layer deposition Al-doped ZnO films",https://pubs.aip.org/aip/jap/article/108/4/043504/343389
Silicon surface passivation by atomic layer deposited Al2O3,https://pubs.aip.org/aip/jap/article/104/4/044903/936870
Atomic layer deposition of Ni thin films and application to area-selective deposition,https://iopscience.iop.org/article/10.1149/1.3504196/meta
Atomic layer deposition: state-of-the-art and research/industrial perspectives,https://www.degruyterbrill.com/document/doi/10.1515/CORRREV.2011.010/html
Spatial atomic layer deposition,https://books.google.com/books?hl=en&lr=&id=ti-RDwAAQBAJ&oi=fnd&pg=PA3&dq=atomic+layer+deposition&ots=52icA8Al6A&sig=eUdNWWg449X842rpVvS9905WEN8
Structural and electrical properties of atomic layer deposited Al‐doped ZnO films,https://advanced.onlinelibrary.wiley.com/doi/abs/10.1002/adfm.201001342
Conformal Al2O3 dielectric layer deposited by atomic layer deposition for graphene-based nanoelectronics,https://pubs.aip.org/aip/apl/article/92/20/203102/130993
Atomic layer deposition to fine-tune the surface properties and diameters of fabricated nanopores,https://pubs.acs.org/doi/abs/10.1021/nl0494001
Atomic layer deposition of polyimide thin films,https://pubs.rsc.org/en/content/articlehtml/2007/jm/b612823h
Energy-enhanced atomic layer deposition for more process and precursor versatility,https://www.sciencedirect.com/science/article/pii/S0010854513001392
Inherently selective atomic layer deposition and applications,https://pubs.acs.org/doi/abs/10.1021/acs.chemmater.9b04647
Molybdenum Atomic Layer Deposition Using MoF6 and Si2H6 as the Reactants,https://pubs.acs.org/doi/abs/10.1021/cm101673u
Resistive switching mechanism of TiO2 thin films grown by atomic-layer deposition,https://pubs.aip.org/aip/jap/article/98/3/033715/182455
Atomic layer deposition of iridium thin films,https://iopscience.iop.org/article/10.1149/1.1761011/meta
Atomic-layer deposition of wear-resistant coatings for microelectromechanical devices,https://pubs.aip.org/aip/apl/article-abstract/82/17/2883/513712
Low temperature silicon dioxide by thermal atomic layer deposition: Investigation of material properties,https://pubs.aip.org/aip/jap/article/107/6/064314/370456
Low-temperature deposition of TiN by plasma-assisted atomic layer deposition,https://iopscience.iop.org/article/10.1149/1.2344843/meta
Optimal preparation of Pt/TiO2 photocatalysts using atomic layer deposition,https://www.sciencedirect.com/science/article/pii/S0926337310003978
Self-correcting process for high quality patterning by atomic layer deposition,https://pubs.acs.org/doi/abs/10.1021/acsnano.5b03125
Atomic layer deposition of metals: Precursors and film growth,https://pubs.aip.org/aip/apr/article/6/4/041309/124304
Reaction mechanism studies on titanium isopropoxide–water atomic layer deposition process,https://onlinelibrary.wiley.com/doi/abs/10.1002/1521-3862(20020116)8:1%3C21::AID-CVDE21%3E3.0.CO;2-0
Low‐Temperature Atomic Layer Deposition of MoS2 Films,https://onlinelibrary.wiley.com/doi/abs/10.1002/anie.201611838
Localized surface plasmon resonance nanosensor: a high-resolution distance-dependence study using atomic layer deposition,https://pubs.acs.org/doi/abs/10.1021/jp0540656
First principles study of the atomic layer deposition of alumina by TMA–H 2 O-process,https://pubs.rsc.org/en/content/articlehtml/2015/cp/c5cp01912e
Chemical vapor deposition and atomic layer deposition of coatings for mechanical applications,https://link.springer.com/article/10.1007/s11666-009-9364-8
Atomic layer deposition of GaN at low temperatures,https://pubs.aip.org/avs/jva/article/30/1/01A124/100993
Atomic layer deposition of ZnO transparent conducting oxides,https://www.sciencedirect.com/science/article/pii/S0169433296010227
Coating strategies for atomic layer deposition,https://www.degruyterbrill.com/document/doi/10.1515/ntrev-2017-0149/html
Dependence of atomic layer-deposited  films characteristics on growth temperature and Al precursors of  and ,https://pubs.aip.org/avs/jva/article-abstract/15/6/2993/243346
Next-Generation Lithium Metal Anode Engineering via Atomic Layer Deposition,https://pubs.acs.org/doi/abs/10.1021/acsnano.5b02166
The mechanical properties of atomic layer deposited alumina for use in micro-and nano-electromechanical systems,https://www.sciencedirect.com/science/article/pii/S0924424706000483
High-speed spatial atomic-layer deposition of aluminum oxide layers for solar cell passivation,https://www.academia.edu/download/49069458/High-Speed_Spatial_Atomic-Layer_Depositi20160923-4646-1ayjusd.pdf
Atomic layer deposition on particulate materials,https://www.sciencedirect.com/science/article/pii/S2468519419301958
Electrical characterization of thin Al2O3 films grown by atomic layer deposition on silicon and various metal substrates,https://www.sciencedirect.com/science/article/pii/S0040609002004388
Deposition of organic-inorganic hybrid materials by atomic layer deposition,https://iopscience.iop.org/article/10.1149/1.2979975/meta
Reaction mechanism studies on atomic layer deposition of ruthenium and platinum,https://iopscience.iop.org/article/10.1149/1.1595312/meta
Recent development of advanced electrode materials by atomic layer deposition for electrochemical energy storage,https://advanced.onlinelibrary.wiley.com/doi/abs/10.1002/advs.201500405
Atomic layer deposition of yttria-stabilized zirconia for solid oxide fuel cells,https://pubs.acs.org/doi/abs/10.1021/cm070913t
Progress in powder coating technology using atomic layer deposition,https://advanced.onlinelibrary.wiley.com/doi/abs/10.1002/admi.201800581
Atomic layer deposited protective coatings for micro-electromechanical systems,https://www.sciencedirect.com/science/article/pii/S0924424702003199
Diffusion barrier deposition on a copper surface by atomic layer deposition,https://onlinelibrary.wiley.com/doi/abs/10.1002/1521-3862(20020704)8:4%3C149::AID-CVDE149%3E3.0.CO;2-F
Interface tailoring of heterogeneous catalysts by atomic layer deposition,https://pubs.acs.org/doi/abs/10.1021/acscatal.8b02659
Recent advances in materials design using atomic layer deposition for energy applications,https://advanced.onlinelibrary.wiley.com/doi/abs/10.1002/adfm.202109105
The integration of high-k dielectric on two-dimensional crystals by atomic layer deposition,https://pubs.aip.org/aip/apl/article/100/15/152115/126164
Gas diffusion barriers on polymers using Al2O3 atomic layer deposition,https://pubs.aip.org/aip/apl/article/88/5/051907/327986
Growth of thin films of molybdenum oxide by atomic layer deposition,https://pubs.rsc.org/en/content/articlehtml/2011/jm/c0jm01099e
Atomic-layer-deposition oxide nanoglue for sodium ion batteries,https://pubs.acs.org/doi/abs/10.1021/nl4035626
A kinetic model for step coverage by atomic layer deposition in narrow holes or trenches,https://onlinelibrary.wiley.com/doi/abs/10.1002/cvde.200390005
Nanopatterning by direct-write atomic layer deposition,https://pubs.rsc.org/en/content/articlehtml/2012/nr/c2nr30664f
Complex materials by atomic layer deposition,https://advanced.onlinelibrary.wiley.com/doi/abs/10.1002/adma.201500699
Patterned nanomaterials with tunable dimensions via atomic layer deposition on block copolymers.,https://www.osti.gov/biblio/1027199
Deposition of TiN and HfO2 in a commercial 200mm remote plasma atomic layer deposition reactor,https://pubs.aip.org/avs/jva/article/25/5/1357/243267
Atomic layer deposition of ruthenium thin films for copper glue layer,https://iopscience.iop.org/article/10.1149/1.1640633/meta
Atomic layer deposition for nanostructured Li-ion batteries,https://pubs.aip.org/avs/jva/article/30/1/010801/100244
Investigation of the initial deposition steps and the interfacial layer of Atomic Layer Deposited (ALD) Al2O3 on Si,https://www.sciencedirect.com/science/article/pii/S0169433219319415
Surface chemistry of copper (I) acetamidinates in connection with atomic layer deposition (ALD) processes,https://pubs.acs.org/doi/abs/10.1021/cm200432t
Titanium isopropoxide as a precursor for atomic layer deposition: characterization of titanium dioxide growth process,https://www.sciencedirect.com/science/article/pii/S0169433200002749
Atomic layer deposition of palladium films on Al2O3 surfaces,https://www.sciencedirect.com/science/article/pii/S004060900600736X
Optical characterization of HfO2 thin films grown by atomic layer deposition,https://www.sciencedirect.com/science/article/pii/S0040609004002123
Formation of TiO2 and ZrO2 nanotubes using atomic layer deposition with ultraprecise control of the wall thickness,https://pure.skku.edu/en/publications/formation-of-tiosub2sub-and-zrosub2sub-nanotubes-using-atomic-lay
Surface passivation of III-V compound semiconductors using atomic-layer-deposition-grown Al2O3,https://pubs.aip.org/aip/apl/article/87/25/252104/330679
Reaction Mechanism of Area-Selective Atomic Layer Deposition for Al2O3 Nanopatterns,https://pubs.acs.org/doi/abs/10.1021/acsami.7b13365
Precursors and chemistry for the atomic layer deposition of metallic first row transition metal films,https://www.sciencedirect.com/science/article/pii/S0010854513000702
Superior stable and long life sodium metal anodes achieved by atomic layer deposition,https://onlinelibrary.wiley.com/doi/abs/10.1002/adma.201606663
Hydrophobicity of rare earth oxides grown by atomic layer deposition,https://pubs.acs.org/doi/abs/10.1021/cm503659d
Protection of polymer from atomic-oxygen erosion using Al2O3 atomic layer deposition coatings,https://www.sciencedirect.com/science/article/pii/S0040609007013004
Improvement of the Cathode Electrolyte Interphase on P2-Na2/3Ni1/3Mn2/3O2 by Atomic Layer Deposition,https://pubs.acs.org/doi/abs/10.1021/acsami.7b05326
Al2O3 and TiO2 Atomic Layer Deposition on Copper for Water Corrosion Resistance,https://pubs.acs.org/doi/abs/10.1021/am2009579
Surface passivation of high‐efficiency silicon solar cells by atomic‐layer‐deposited Al2O3,https://onlinelibrary.wiley.com/doi/abs/10.1002/pip.823
Viscous flow reactor with quartz crystal microbalance for thin film growth by atomic layer deposition,https://pubs.aip.org/aip/rsi/article-abstract/73/8/2981/3169431
Atomic layer deposited thin films for corrosion protection,https://jp4.journaldephysique.org/articles/jp4/abs/1999/08/jp4199909PR862/jp4199909PR862.html
Rotary reactor for atomic layer deposition on large quantities of nanoparticles,https://pubs.aip.org/avs/jva/article/25/1/67/243028
Ca test of Al2O3 gas diffusion barriers grown by atomic layer deposition on polymers,https://pubs.aip.org/aip/apl/article/89/3/031915/917233
Atomic layer deposition of Ir− Pt alloy films,https://pubs.acs.org/doi/abs/10.1021/cm9031978
Atomic layer-by-layer deposition of platinum on palladium octahedra for enhanced catalysts toward the oxygen reduction reaction,https://pubs.acs.org/doi/abs/10.1021/nn506387w
Atomic layer deposition for oxide semiconductor thin film transistors: Advances in research and development,https://pubs.aip.org/avs/jva/article/36/6/060801/246158
Growth studies and characterisation of In2S3 thin films deposited by atomic layer deposition (ALD),https://www.sciencedirect.com/science/article/pii/S0169433203010080
Transport mechanisms in atomic-layer-deposited  dielectrics,https://pubs.aip.org/aip/apl/article-abstract/84/16/3076/523583
Atomic layer deposition of doped ZnO films,https://pubs.aip.org/avs/jva/article/37/5/050802/245917
Effects of Al doping on the properties of ZnO thin films deposited by atomic layer deposition,https://link.springer.com/article/10.1186/s11671-016-1625-0
Long-term stability in perovskite solar cells through atomic layer deposition of tin oxide,https://www.science.org/doi/abs/10.1126/science.adq8385
Corrosion resistance of TiO2 films grown on stainless steel by atomic layer deposition,https://www.sciencedirect.com/science/article/pii/S0257897207009607
Catalysts design and synthesis via selective atomic layer deposition,https://pubs.aip.org/avs/jva/article/36/1/010801/245767
Energy-band parameters of atomic-layer-deposition Al2O3∕ InGaAs heterostructure,https://pubs.aip.org/aip/apl/article/89/1/012903/753766
Atomic Layer Deposition of MgO Using Bis(ethylcyclopentadienyl)magnesium and H2O,https://pubs.acs.org/doi/abs/10.1021/jp806088m
Growth of manganese oxide thin films by atomic layer deposition,https://www.sciencedirect.com/science/article/pii/S0040609003011015
Plasma enhanced atomic layer deposition of SiNx: H and SiO2,https://pubs.aip.org/avs/jva/article/29/4/041501/280110
Atomic layer deposition of tin oxide films using tetrakis (dimethylamino) tin,https://pubs.aip.org/avs/jva/article/26/2/244/243770
The application of atomic layer deposition for metallization of 65 nm and beyond,https://www.sciencedirect.com/science/article/pii/S0257897205006869
Atomic layer deposition of indium tin oxide thin films using nonhalogenated precursors,https://pubs.acs.org/doi/abs/10.1021/jp7097312
Plasma enhanced atomic layer deposition of Ga 2 O 3 thin films,https://pubs.rsc.org/en/content/articlehtml/2014/ta/c4ta05007j
Reactor concepts for atomic layer deposition on agitated particles: A review,https://pubs.aip.org/avs/jva/article/32/1/010802/245011
Carbon-nanostructures coated/decorated by atomic layer deposition: Growth and applications,https://www.sciencedirect.com/science/article/pii/S0010854513001690
Atomic lego catalysts synthesized by atomic layer deposition,https://pubs.acs.org/doi/abs/10.1021/accountsmr.1c00250
Atomic layer deposition of TiO2 from TiCl4 and O3,https://www.sciencedirect.com/science/article/pii/S0040609013011267
Next generation nanopatterning using small molecule inhibitors for area-selective atomic layer deposition,https://pubs.aip.org/avs/jva/article/39/2/021002/397301
Atomic layer deposition from dissolved precursors,https://pubs.acs.org/doi/abs/10.1021/acs.nanolett.5b01424
Atomic layer deposition and characterization of vanadium oxide thin films,https://pubs.rsc.org/en/content/articlehtml/2013/ra/c2ra22820c
Atomic layer deposition—Sequential self-limiting surface reactions for advanced catalyst “bottom-up” synthesis,https://www.sciencedirect.com/science/article/pii/S0167572916300024
Characteristics of copper films produced via atomic layer deposition,https://www.cambridge.org/core/journals/journal-of-materials-research/article/characteristics-of-copper-films-produced-via-atomic-layer-deposition/A452FD3F4786937733317725804005C4
Atomic layer deposition of antibacterial nanocoatings: A review,https://www.mdpi.com/2079-6382/12/12/1656
Atomic layer deposition of functional multicomponent oxides,https://pubs.aip.org/aip/apm/article/7/11/110901/122328
GaAs MOSFET with oxide gate dielectric grown by atomic layer deposition,https://ieeexplore.ieee.org/abstract/document/1206840/
Design of InZnSnO semiconductor alloys synthesized by supercycle atomic layer deposition and their rollable applications,https://pubs.acs.org/doi/abs/10.1021/acsami.9b02999
Effect of precursor concentration in atomic layer deposition of ,https://pubs.aip.org/aip/jap/article-abstract/94/10/6411/761738
Wafer-scale growth of MoS 2 thin films by atomic layer deposition,https://pubs.rsc.org/en/content/articlehtml/2016/nr/c6nr01346e
Area selective atomic layer deposition of titanium dioxide: Effect of precursor chemistry,https://pubs.aip.org/avs/jvb/article/24/6/2523/467191
Properties of zno/al2 o 3 alloy films grown using atomic layer deposition techniques,https://iopscience.iop.org/article/10.1149/1.1569481/meta
Coking-and sintering-resistant palladium catalysts achieved through atomic layer deposition,https://www.science.org/doi/abs/10.1126/science.1212906
Single atom catalyst by atomic layer deposition technique,https://www.sciencedirect.com/science/article/pii/S1872206717629036
"Hybrid nanomaterials through molecular and atomic layer deposition: Top down, bottom up, and in-between approaches to new materials",https://www.sciencedirect.com/science/article/pii/S0079642515000717
Scaled indium oxide transistors fabricated using atomic layer deposition,https://www.nature.com/articles/s41928-022-00718-w
Influence of the geometric parameters on the deposition mode in spatial atomic layer deposition: a novel approach to area-selective deposition,https://www.mdpi.com/2079-6412/9/1/5
Presence and origin of interface charges at atomic-layer deposited Al2O3/III-nitride heterojunctions,https://pubs.aip.org/aip/apl/article/99/19/193504/341352
The surface chemistry of thin film atomic layer deposition (ALD) processes for electronic device manufacturing,https://pubs.rsc.org/en/content/articlehtml/2008/jm/b803832e
Ultralow loading Pt nanocatalysts prepared by atomic layer deposition on carbon aerogels,https://pubs.acs.org/doi/abs/10.1021/nl801299z
Nanoengineering energy conversion and storage devices via atomic layer deposition,https://advanced.onlinelibrary.wiley.com/doi/abs/10.1002/aenm.201600468
Atomic layer deposition for nanomaterial synthesis and functionalization in energy technology,https://pubs.rsc.org/en/content/articlehtml/2017/mh/c6mh00521g
Biocompatibility of atomic layer‐deposited alumina thin films,https://onlinelibrary.wiley.com/doi/abs/10.1002/jbm.a.31732
Atomic Layer Deposition of AlF3 Using Trimethylaluminum and Hydrogen Fluoride,https://pubs.acs.org/doi/abs/10.1021/acs.jpcc.5b02625
Properties of atomic layer deposited HfO2 thin films,https://www.sciencedirect.com/science/article/pii/S0040609009008384
Controllable fabrication of nanostructured materials for photoelectrochemical water splitting via atomic layer deposition,https://pubs.rsc.org/en/content/articlehtml/2014/cs/c3cs60370a
Plasma-enhanced atomic layer deposition of Ta and Ti for interconnect diffusion barriers,https://pubs.aip.org/avs/jvb/article-abstract/18/4/2016/470286
Process conditions for improvement of electrical properties of Al2O3/n-GaN structures prepared by atomic layer deposition,https://iopscience.iop.org/article/10.1143/JJAP.49.080201/meta
Stable ZnO thin film transistors by fast open air atomic layer deposition,https://pubs.aip.org/aip/apl/article/92/19/192101/969305
Atomic layer deposition of hafnium and zirconium oxides using metal amide precursors,https://pubs.acs.org/doi/abs/10.1021/cm020357x
Role of precursor choice on area-selective atomic layer deposition,https://pubs.acs.org/doi/abs/10.1021/acs.chemmater.0c04718
Nucleation and interface formation mechanisms in atomic layer deposition of gate oxides,https://pubs.aip.org/aip/apl/article-abstract/82/26/4758/719579
Growth of Fe2O3 thin films by atomic layer deposition,https://www.sciencedirect.com/science/article/pii/S0040609005004347
Progress and opportunities in: atomic layer deposition.(Deposition),https://go.gale.com/ps/i.do?id=GALE%7CA102228040&sid=googleScholar&v=2.1&it=r&linkaccess=abs&issn=0038111X&p=AONE&sw=w
XPS analysis of AlN thin films deposited by plasma enhanced atomic layer deposition,https://www.sciencedirect.com/science/article/pii/S016943321401633X
Atomic layer deposition enabling higher efficiency solar cells: A review,https://www.sciencedirect.com/science/article/pii/S2589965119300662
Atomic layer deposition of insulating hafnium and zirconium nitrides,https://pubs.acs.org/doi/abs/10.1021/cm049516y
Atomic layer deposition of lithium containing thin films,https://pubs.rsc.org/en/content/articlehtml/2009/jm/b913466b
A review of atomic layer deposition providing high performance lithium sulfur batteries,https://www.sciencedirect.com/science/article/pii/S0378775316315063
Spatial atomic layer deposition of zinc oxide thin films,https://pubs.acs.org/doi/abs/10.1021/am2013097
Room-temperature atomic layer deposition of platinum,https://pubs.acs.org/doi/abs/10.1021/cm400274n
Atomic Layer Deposition of Photocatalytic TiO2 Thin Films from Titanium Tetramethoxide and Water,https://onlinelibrary.wiley.com/doi/abs/10.1002/cvde.200306289
Low-temperature atomic layer deposition of platinum using (methylcyclopentadienyl) trimethylplatinum and ozone,https://pubs.acs.org/doi/abs/10.1021/jp403455a
Atomic Layer Deposition of Titanium Oxide from TiI4 and H2O2,https://onlinelibrary.wiley.com/doi/abs/10.1002/1521-3862(200011)6:6%3C303::AID-CVDE303%3E3.0.CO;2-J
Reaction and Growth Mechanisms in Al2O3 deposited via Atomic Layer Deposition: Elucidating the Hydrogen Source,https://pubs.acs.org/doi/abs/10.1021/acs.chemmater.7b02759
Studies on atomic layer deposition of MOF-5 thin films,https://www.sciencedirect.com/science/article/pii/S1387181113004125
Basics of atomic layer deposition: growth characteristics and conformality,https://onlinelibrary.wiley.com/doi/abs/10.1002/9783527694822.ch1
Electrical behavior of zinc oxide layers grown by low temperature atomic layer deposition,https://pubs.aip.org/aip/apl/article/92/2/023502/321262
Low-temperature atomic-layer-deposition lift-off method for microelectronic and nanoelectronic applications,https://pubs.aip.org/aip/apl/article-abstract/83/12/2405/115820
"Atomic Layer Deposition of the Metal Pyrites FeS2, CoS2, and NiS2",https://onlinelibrary.wiley.com/doi/abs/10.1002/anie.201803092
"Atomic layer deposition for membrane modification, functionalization and preparation: A review",https://www.sciencedirect.com/science/article/pii/S0376738822004859
"Atomic layer deposition: Fundamentals, practice, and challenges",https://www.sciencedirect.com/science/article/pii/B9780128123119000116
Selective-area atomic layer deposition using poly (methyl methacrylate) films as mask layers,https://pubs.acs.org/doi/abs/10.1021/jp803872s
Atomic layer deposition of TaSix thin films on SiO2 using TaF5 and Si2H6,https://www.sciencedirect.com/science/article/pii/S0040609005003585
Mechanical reinforcement of nanoparticle thin films using atomic layer deposition,https://pubs.acs.org/doi/abs/10.1021/nn201167j
Atomic layer deposition of ultrathin copper metal films from a liquid copper (I) amidinate precursor,https://iopscience.iop.org/article/10.1149/1.2338632/meta
Surface morphology and crystallinity control in the atomic layer deposition (ALD) of hafnium and zirconium oxide thin films,https://www.sciencedirect.com/science/article/pii/S0022024802021334
Band alignments in metal–oxide–silicon structures with atomic-layer deposited  and ,https://pubs.aip.org/aip/jap/article-abstract/91/5/3079/1031807
Modeling Mechanism and Growth Reactions for New Nanofabrication Processes by Atomic Layer Deposition.,https://europepmc.org/article/med/26689290
Atomic layer deposition: an efficient tool for corrosion protection,https://www.sciencedirect.com/science/article/pii/S1359029422001133
Effects of Al Precursors on Deposition Selectivity of Atomic Layer Deposition of Al2O3 Using Ethanethiol Inhibitor,https://pubs.acs.org/doi/abs/10.1021/acs.chemmater.0c02798
Theoretical design and computational screening of precursors for atomic layer deposition,https://www.sciencedirect.com/science/article/pii/S0010854516301291
Plasma-enhanced atomic layer deposition of Ta-N thin films,https://iopscience.iop.org/article/10.1149/1.1423642/meta
Modeling of sputter-based atomic layer deposition with altered parameters,https://www.sciencedirect.com/science/article/pii/S2352492823023887
Investigation on the growth initiation of Ru thin films by atomic layer deposition,https://pubs.acs.org/doi/abs/10.1021/cm100057y
High-resolution distance dependence study of surface-enhanced Raman scattering enabled by atomic layer deposition,https://pubs.acs.org/doi/abs/10.1021/acs.nanolett.6b01276
Thermo-mechanical properties of alumina films created using the atomic layer deposition technique,https://www.sciencedirect.com/science/article/pii/S0924424710004292
Atomic layer deposition of hafnium dioxide films from hafnium tetrakis (ethylmethylamide) and water,https://onlinelibrary.wiley.com/doi/abs/10.1002/1521-3862(20020903)8:5%3C199::AID-CVDE199%3E3.0.CO;2-U
Area-selective atomic layer deposition using Si precursors as inhibitors,https://pubs.acs.org/doi/abs/10.1021/acs.chemmater.8b02774
Transport behavior of atomic layer deposition precursors through polymer masking layers: Influence on area selective atomic layer deposition,https://pubs.aip.org/avs/jvb/article/25/5/1721/469470
A comparative study on lanthanide oxide thin films grown by atomic layer deposition,https://www.sciencedirect.com/science/article/pii/S0040609004009083
Atomic Layer Deposition of Nanostructured TiO2 Photocatalysts via Template Approach,https://pubs.acs.org/doi/abs/10.1021/cm062576e
Atomic layer deposition: an enabling technology for the growth of functional nanoscale semiconductors,https://iopscience.iop.org/article/10.1088/1361-6641/aa7ade/meta
High dielectric constant TiO2 thin films on a Ru electrode grown at 250 C by atomic-layer deposition,https://pubs.aip.org/aip/apl/article/85/18/4112/939934
"Robust, functional nanocrystal solids by infilling with atomic layer deposition",https://pubs.acs.org/doi/abs/10.1021/nl2028848
Area-selective deposition of ruthenium by combining atomic layer deposition and selective etching,https://pubs.acs.org/doi/full/10.1021/acs.chemmater.9b00193
Atomic layer deposition of AlOx for thin film head gap applications,https://iopscience.iop.org/article/10.1149/1.1385822/meta
Applications of atomic layer deposition in design of systems for energy conversion,https://onlinelibrary.wiley.com/doi/abs/10.1002/smll.202102088
Growth of SnO2 thin films by atomic layer deposition and chemical vapour deposition: A comparative study,https://www.sciencedirect.com/science/article/pii/S0040609006002859
Plasma-enhanced atomic layer deposition of silver thin films,https://pubs.acs.org/doi/abs/10.1021/cm200402j
Interfaces in atomic layer deposited films: opportunities and challenges,https://onlinelibrary.wiley.com/doi/abs/10.1002/smsc.202300060
Electrical properties of atomic layer deposited aluminum oxide on gallium nitride,https://pubs.aip.org/aip/apl/article/99/13/133503/340766
Review of plasma-enhanced atomic layer deposition: Technical enabler of nanoscale device fabrication,https://iopscience.iop.org/article/10.7567/JJAP.53.03DA01/meta
Improved electrical performances of plasma-enhanced atomic layer deposited TaCxNy films by adopting Ar∕ H2 plasma,https://pubs.aip.org/aip/apl/article/91/25/252106/334792
Advanced electronic and optoelectronic materials by Atomic Layer Deposition: An overview with special emphasis on recent progress in processing of high‐k …,https://onlinelibrary.wiley.com/doi/abs/10.1002/pssa.200406798
Substrate‐Independent Palladium Atomic Layer Deposition,https://onlinelibrary.wiley.com/doi/abs/10.1002/cvde.200306246
Atomic layer deposition for efficient and stable perovskite solar cells,https://pubs.rsc.org/en/content/articlehtml/2019/cc/c8cc09578g
"Single-Atom Pd1/Graphene Catalyst Achieved by Atomic Layer Deposition: Remarkable Performance in Selective Hydrogenation of 1,3-Butadiene",https://pubs.acs.org/doi/abs/10.1021/jacs.5b06485
Low temperature atomic layer deposition of titania thin films,https://www.sciencedirect.com/science/article/pii/S0040609009014552
Low‐temperature atomic layer deposition of MoOx for silicon heterojunction solar cells,https://onlinelibrary.wiley.com/doi/abs/10.1002/pssr.201510117
Comparative Study of the Environmental Impact of Depositing Al2O3 by Atomic Layer Deposition and Spatial Atomic Layer Deposition,https://pubs.acs.org/doi/abs/10.1021/acssuschemeng.3c04135
Subnanometer palladium particles synthesized by atomic layer deposition,https://pubs.acs.org/doi/abs/10.1021/cs2000957
Properties of tantalum oxide thin films grown by atomic layer deposition,https://www.sciencedirect.com/science/article/pii/0040609094063885
Atomic layer deposited Pt-Ru dual-metal dimers and identifying their active sites for hydrogen evolution reaction,https://www.nature.com/articles/s41467-019-12887-y
Growth of SrTiO3 and BaTiO3 thin films by atomic layer deposition,https://iopscience.iop.org/article/10.1149/1.1390884/meta
Chemically Stable Atomic-Layer-Deposited Al2O3 Films for Processability,https://pubs.acs.org/doi/abs/10.1021/acsomega.7b00443
"Thin films, atomic layer deposition, and 3D Printing: demystifying the concepts and their relevance in industry 4.0",https://www.taylorfrancis.com/books/mono/10.1201/9781003364481/thin-films-atomic-layer-deposition-3d-printing-kingsley-ukoba-tien-chien-jen
Photochemical atomic layer deposition and etching,https://www.sciencedirect.com/science/article/pii/S0257897216301050
Enhanced stability of LiCoO2 cathodes in lithium-ion batteries using surface modification by atomic layer deposition,https://iopscience.iop.org/article/10.1149/1.3258274/meta
Atomic layer deposition to heterostructures for application in gas sensors,https://iopscience.iop.org/article/10.1088/2631-7990/acc76d/meta
"Nanomanufacturing: high-throughput, cost-effective deposition of atomic scale thin films via atmospheric pressure spatial atomic layer deposition",https://pubs.acs.org/doi/abs/10.1021/acs.chemmater.6b03077
Atomic layer deposition of MoS2 thin films,https://iopscience.iop.org/article/10.1088/2053-1591/2/3/035006/meta
Properties of AlN grown by plasma enhanced atomic layer deposition,https://www.sciencedirect.com/science/article/pii/S016943321100571X
MoS2 functionalization for ultra-thin atomic layer deposited dielectrics,https://pubs.aip.org/aip/apl/article/104/11/111601/25341
Atomic layer deposition of TiO2 on graphene for supercapacitors,https://iopscience.iop.org/article/10.1149/2.025204jes/meta
Stabilization of copper catalysts for liquid‐phase reactions by atomic layer deposition,https://onlinelibrary.wiley.com/doi/abs/10.1002/ange.201308245
Novel chemical route for atomic layer deposition of MoS 2 thin film on SiO 2/Si substrate,https://pubs.rsc.org/en/content/articlehtml/2014/nr/c4nr04816d
Growth of thin films of Co3O4 by atomic layer deposition,https://www.sciencedirect.com/science/article/pii/S0040609007005196
Ultralow surface recombination of c-Si substrates passivated by plasma-assisted atomic layer deposited Al2O3,https://pubs.aip.org/aip/apl/article/89/4/042112/986471
Stabilizing the interface of NASICON solid electrolyte against Li metal with atomic layer deposition,https://pubs.acs.org/doi/abs/10.1021/acsami.8b06366
Stabilizing small molecules on metal oxide surfaces using atomic layer deposition,https://pubs.acs.org/doi/abs/10.1021/nl402416s
"Ozone-based atomic layer deposition of alumina from TMA: Growth, morphology, and reaction mechanism",https://pubs.acs.org/doi/abs/10.1021/cm0608903
Plasma-assisted atomic layer deposition of Al2O3 moisture permeation barriers on polymers,https://pubs.aip.org/aip/apl/article/89/8/081915/165684
Atomic layer deposition on gram quantities of multi-walled carbon nanotubes,https://iopscience.iop.org/article/10.1088/0957-4484/20/25/255602/meta
Atomic layer deposition meets metal–organic frameworks,https://www.sciencedirect.com/science/article/pii/S0079642523000919
"Atomic layer deposition in nanostructured photovoltaics: tuning optical, electronic and surface properties",https://pubs.rsc.org/en/content/articlehtml/2015/nr/c5nr02080h
Tin oxide atomic layer deposition from tetrakis (dimethylamino) tin and water,https://pubs.aip.org/avs/jva/article/31/6/061503/388262
Atomic layer deposition of TiO2− xNx thin films for photocatalytic applications,https://www.sciencedirect.com/science/article/pii/S1010603005002728
Atomic Layer Deposition of Stable LiAlF4 Lithium Ion Conductive Interfacial Layer for Stable Cathode Cycling,https://pubs.acs.org/doi/abs/10.1021/acsnano.7b02561
Electrical performance of Al2O3 gate dielectric films deposited by atomic layer deposition on 4H-SiC,https://pubs.aip.org/aip/apl/article/91/20/203510/325163
Ultrathin direct atomic layer deposition on composite electrodes for highly durable and safe Li-ion batteries,https://apps.dtic.mil/sti/html/tr/ADA553356/
Atomic layer deposition of BN thin films,https://www.sciencedirect.com/science/article/pii/S0040609001017060
Atomic layer-deposited tunnel oxide stabilizes silicon photoanodes for water oxidation,https://www.nature.com/articles/nmat3047
"Layer-controlled, wafer-scale, and conformal synthesis of tungsten disulfide nanosheets using atomic layer deposition",https://pubs.acs.org/doi/abs/10.1021/nn405194e
Smoothing surface roughness using Al2O3 atomic layer deposition,https://www.sciencedirect.com/science/article/pii/S0169433221019371
Analytical model for island growth in atomic layer deposition using geometrical principles,https://pubs.aip.org/aip/jap/article/102/2/024906/380158
Atomic layer deposition of CdS films,https://pubs.acs.org/doi/abs/10.1021/cm100874f
Atomic layer deposition of  thin films using dimethylaluminum isopropoxide and water,https://pubs.aip.org/avs/jva/article-abstract/21/4/1366/1069135
The properties of plasma-enhanced atomic layer deposition (ALD) ZnO thin films and comparison with thermal ALD,https://www.sciencedirect.com/science/article/pii/S0169433210016612
Achieving area-selective atomic layer deposition on patterned substrates by selective surface modification,https://pubs.aip.org/aip/apl/article/86/19/191910/757037
Surface chemistry and film growth during TiN atomic layer deposition using TDMAT and NH3,https://www.sciencedirect.com/science/article/pii/S0040609003005339
Local deposition of high-purity Pt nanostructures by combining electron beam induced deposition and atomic layer deposition,https://pubs.aip.org/aip/jap/article/107/11/116102/147691
Layer-by-layer molecular assemblies for dye-sensitized photoelectrosynthesis cells prepared by atomic layer deposition,https://pubs.acs.org/doi/abs/10.1021/jacs.7b07216
Supported core/shell bimetallic nanoparticles synthesis by atomic layer deposition,https://pubs.acs.org/doi/abs/10.1021/cm301206e
HfO2 and Al2O3 gate dielectrics on GaAs grown by atomic layer deposition,https://pubs.aip.org/aip/apl/article/86/15/152904/899184
Atomic layer deposition (ALD) of metal gates for CMOS,https://www.mdpi.com/2076-3417/9/11/2388
Water treatment based on atomically engineered materials: Atomic layer deposition and beyond,https://www.cell.com/matter/fulltext/S2590-2385(21)00450-1
Chemical stability of titania and alumina thin films formed by atomic layer deposition,https://pubs.acs.org/doi/abs/10.1021/acsami.5b03278
Low-temperature atomic layer deposition of ZnO thin films: Control of crystallinity and orientation,https://www.sciencedirect.com/science/article/pii/S0040609011005244
Development of a multiscale model for an atomic layer deposition process,https://www.sciencedirect.com/science/article/pii/S0022024809011385
Quantum confinement in amorphousTiO2 films studied via atomic layer deposition,https://iopscience.iop.org/article/10.1088/0957-4484/19/44/445401/meta
Quantitative in situ infrared analysis of reactions between trimethylaluminum and polymers during Al2O3 atomic layer deposition,https://pubs.rsc.org/en/content/articlepdf/2012/jm/c2jm32343e
Quartz Crystal Microbalance Studies of Al2O3 Atomic Layer Deposition Using Trimethylaluminum and Water at 125 °C,https://pubs.acs.org/doi/abs/10.1021/jp9049268
Highly dispersed Pt nanoparticle catalyst prepared by atomic layer deposition,https://www.sciencedirect.com/science/article/pii/S0926337310001669
Using atomic layer deposition to hinder solvent decomposition in lithium ion batteries: first-principles modeling and experimental studies,https://pubs.acs.org/doi/abs/10.1021/ja205119g
Modification of SOFC cathodes by atomic layer deposition,https://iopscience.iop.org/article/10.1149/2.045311jes/meta
Morphology and crystallization kinetics in  thin films grown by atomic layer deposition,https://pubs.aip.org/aip/jap/article-abstract/93/3/1477/292153
Atomic layer deposition of tin dioxide nanofilms: A review,https://www.researchgate.net/profile/Denis-Nazarov/publication/275968673_Atomic_layer_deposition_of_tin_dioxide_nanofilms_A_review/links/554cb2500cf29752ee7f35c5/Atomic-layer-deposition-of-tin-dioxide-nanofilms-A-review.pdf
HfO2 on MoS2 by Atomic Layer Deposition: Adsorption Mechanisms and Thickness Scalability,https://pubs.acs.org/doi/abs/10.1021/nn404775u
Low temperature plasma-enhanced atomic layer deposition of metal oxide thin films,https://iopscience.iop.org/article/10.1149/1.3428705/meta
Atomic layer deposition of Al-doped ZnO films: effect of grain orientation on conductivity,https://pubs.acs.org/doi/abs/10.1021/cm101227h
Atomic layer deposition for lithium‐based batteries,https://advanced.onlinelibrary.wiley.com/doi/abs/10.1002/admi.201600564
Surface reactions during atomic layer deposition of Pt derived from gas phase infrared spectroscopy,https://pubs.aip.org/aip/apl/article/95/1/013114/337554
Atomic layer deposition of TiO2 thin films from TiI4 and H2O,https://www.sciencedirect.com/science/article/pii/S016943320200497X
Atomic Layer Deposition of Ga2O3 Films Using Trimethylgallium and Ozone,https://pubs.acs.org/doi/abs/10.1021/cm300712x
Atomic layer deposition of vanadium oxide on carbon nanotubes for high-power supercapacitor electrodes,https://pubs.rsc.org/en/content/articlehtml/2012/ee/c2ee21110f
Low temperature thermal atomic layer deposition of cobalt metal films,https://pubs.acs.org/doi/full/10.1021/acs.chemmater.5b03504
Young modulus and Poisson ratio measurements of TiO2 thin films deposited with Atomic Layer Deposition,https://www.sciencedirect.com/science/article/pii/S0257897211011169
A perspective on new opportunities in atom-by-atom synthesis of heterogeneous catalysts using atomic layer deposition,https://link.springer.com/article/10.1007/s10562-020-03412-8
Lithium phosphate thin films grown by atomic layer deposition,https://iopscience.iop.org/article/10.1149/2.052203jes/meta
Comparison of  films grown by atomic layer deposition using  and  or  as the oxidant,https://pubs.aip.org/aip/jap/article-abstract/94/5/3641/483336
Atomic layer deposition to materials for gas sensing applications,https://advanced.onlinelibrary.wiley.com/doi/abs/10.1002/admi.201600335
Influence of the oxygen plasma parameters on the atomic layer deposition of titanium dioxide,https://iopscience.iop.org/article/10.1088/0957-4484/26/2/024003/meta
Critical tensile and compressive strains for cracking of Al2O3 films grown by atomic layer deposition,https://pubs.aip.org/aip/jap/article/109/8/084305/930201
A DFT Study of the Al2O3 Atomic Layer Deposition on SAMs:  Effect of SAM Termination,https://pubs.acs.org/doi/abs/10.1021/cm035009p
Atomic layer deposited aluminum oxide barrier coatings for packaging materials,https://www.sciencedirect.com/science/article/pii/S0040609009013996
Gas diffusion ultrabarriers on polymer substrates using Al2O3 atomic layer deposition and SiN plasma-enhanced chemical vapor deposition,https://pubs.aip.org/aip/jap/article/106/2/023533/393529
Area-Selective Atomic Layer Deposition of SiO2 Using Acetylacetone as a Chemoselective Inhibitor in an ABC-Type Cycle,https://pubs.acs.org/doi/abs/10.1021/acsnano.7b04701
Supported Ru− Pt bimetallic nanoparticle catalysts prepared by atomic layer deposition,https://pubs.acs.org/doi/abs/10.1021/nl101567m
Theoretical Understanding of the Reaction Mechanism of SiO2 Atomic Layer Deposition,https://pubs.acs.org/doi/abs/10.1021/acs.chemmater.5b04422
Atomic layer deposition of nickel oxide films using Ni (dmamp) 2 and water,https://pubs.aip.org/avs/jva/article/23/4/1238/102185
Atomic layer deposition for nanoscale oxide semiconductor thin film transistors: review and outlook,https://iopscience.iop.org/article/10.1088/2631-7990/acb46d/meta
Structural properties of AlN films deposited by plasma‐enhanced atomic layer deposition at different growth temperatures,https://onlinelibrary.wiley.com/doi/abs/10.1002/pssa.201127430
Atmospheric pressure process for coating particles using atomic layer deposition,https://onlinelibrary.wiley.com/doi/abs/10.1002/cvde.200906775
Ultrathin InGaO thin film transistors by atomic layer deposition,https://ieeexplore.ieee.org/abstract/document/10003230/
In Situ Mass Spectrometry Study on Surface Reactions in Atomic Layer Deposition of Al2O3 Thin Films from Trimethylaluminum and Water,https://pubs.acs.org/doi/abs/10.1021/la991183+
Low temperature chemical vapor deposition using atomic layer deposition chemistry,https://pubs.acs.org/doi/abs/10.1021/cm504216p
Application of atomic layer deposition of platinum to solid oxide fuel cells,https://pubs.acs.org/doi/abs/10.1021/cm7033189
Atomic layer deposition of ultrathin and conformal Al2O3 films on BN particles,https://www.sciencedirect.com/science/article/pii/S0040609000009731
Effective atomic interface engineering in Bi2Te2. 7Se0. 3 thermoelectric material by atomic-layer-deposition approach,https://www.sciencedirect.com/science/article/pii/S221128551830274X
Selection criteria for small-molecule inhibitors in area-selective atomic layer deposition: fundamental surface chemistry considerations,https://pubs.acs.org/doi/abs/10.1021/acs.accounts.3c00221
Exploitation of atomic layer deposition for nanostructured materials,https://www.sciencedirect.com/science/article/pii/S0928493106001834
Structural and electrical properties of ZnO thin films deposited by atomic layer deposition at low temperatures,https://iopscience.iop.org/article/10.1149/1.2957915/meta
Leakage current and breakdown electric-field studies on ultrathin atomic-layer-deposited Al2O3 on GaAs,https://pubs.aip.org/aip/apl/article/87/18/182904/330143
Evolution of microstructure and related optical properties of ZnO grown by atomic layer deposition,https://www.beilstein-journals.org/bjnano/articles/4/78
Atomic layer deposition of lithium phosphorus oxynitride,https://pubs.acs.org/doi/abs/10.1021/acs.chemmater.5b02199
Atomic layer deposition—a versatile toolbox for designing/engineering electrodes for advanced supercapacitors,https://advanced.onlinelibrary.wiley.com/doi/abs/10.1002/advs.202303055
Controlling preferred orientation of ZnO thin films by atomic layer deposition.,https://search.ebscohost.com/login.aspx?direct=true&profile=ehost&scope=site&authtype=crawler&jrnl=00222461&asa=N&AN=16622868&h=7d0fc%2B1vQqx88i5cXe39ffsz9RJa2Id6gASYc0Q6kkdg1btqkmFdmR4cdDBBqBz4FYfiZkYt0IFjmTJneBhxIA%3D%3D&crl=c
Growth of p-type hematite by atomic layer deposition and its utilization for improved solar water splitting,https://pubs.acs.org/doi/abs/10.1021/ja300319g
Electrocatalysts by atomic layer deposition for fuel cell applications,https://www.sciencedirect.com/science/article/pii/S2211285516000276
Highly efficient flexible inverted organic solar cells using atomic layer deposited ZnO as electron selective layer,https://pubs.rsc.org/en/content/articlehtml/2010/jm/b921396a
Atomic Layer Deposition of High‐k Oxides of the Group 4 Metals for Memory Applications,https://advanced.onlinelibrary.wiley.com/doi/abs/10.1002/adem.200800316
Passivation effects of atomic-layer-deposited aluminum oxide,https://epjpv.epj.org/articles/epjpv/abs/2013/01/pv120018/pv120018.html
Atomic layer deposition on particles using a fluidized bed reactor with in situ mass spectrometry,https://www.sciencedirect.com/science/article/pii/S0257897207005130
TiO2 inverse opals fabricated using low-temperature atomic layer deposition,https://www.academia.edu/download/73689436/adma.20040064820211026-18510-sc9vd1.pdf
"Area-selective atomic layer deposition: conformal coating, subnanometer thickness control, and smart positioning",https://pubs.acs.org/doi/abs/10.1021/acsnano.5b05249
Metal fluoride thin films prepared by atomic layer deposition,https://iopscience.iop.org/article/10.1149/1.2054910/meta
Atomic layer deposition of two dimensional MoS2 on 150 mm substrates,https://pubs.aip.org/avs/jva/article/34/2/021515/246221
Atomic layer deposition of TiO2 from tetrakis-dimethyl-amido titanium or Ti isopropoxide precursors and H2O,https://pubs.aip.org/aip/jap/article/102/8/083521/375662
Applications and advantages of atomic layer deposition for lithium-ion batteries cathodes,https://www.mdpi.com/2313-0105/8/10/184
Coordination and interface analysis of atomic-layer-deposition  on Si(001) using energy-loss near-edge structures,https://pubs.aip.org/aip/apl/article-abstract/83/21/4306/509500
Chemical and structural study of electrically passivating Al2O3/Si interfaces prepared by atomic layer deposition,https://pubs.aip.org/avs/jva/article/30/4/04D106/920812
